epoch,loss,mean_acc,acc_phoneme,acc_yeast,acc_vehicle
1,0.2654579071594136,0.4501887548265189,0.7127003699136868,0.14573991031390135,0.4921259842519685
2,0.03855671286012749,0.5007436253567285,0.8643649815043156,0.14573991031390135,0.4921259842519685
